record_id,ticker,target_session_date,predicted_movement,prob_down,prob_flat,prob_up,downside_return,base_return,upside_return,same_ticker_history_count,reference_history_end_date,class_median_fallbacks,history_scope,scenario_method,disclaimer
1,NVDA,2019-05-17,Down,0.694302476379368,0.0682227888297762,0.2374747347908557,-0.0368712909991626,-0.012828388777149171,0.0559463986457531,91,2019-05-09,,train_validation_same_ticker_earlier_only,reference_quantiles_plus_probability_weighted_class_medians,Historical research scenario; not investment advice or a forecast guarantee.
2,TSLA,2019-05-17,Down,0.6949790292116979,0.1008092934285681,0.2042116773597338,-0.04779379253499375,-0.010396968635845131,0.0360394537232713,257,2019-05-14,,train_validation_same_ticker_earlier_only,reference_quantiles_plus_probability_weighted_class_medians,Historical research scenario; not investment advice or a forecast guarantee.
3,AMD,2019-05-20,Up,0.2072710383887246,0.0653919191746047,0.7273370424366706,-0.06296700570578022,0.01510096615135341,0.061837596263571576,105,2019-05-02,,train_validation_same_ticker_earlier_only,reference_quantiles_plus_probability_weighted_class_medians,Historical research scenario; not investment advice or a forecast guarantee.
4,INTC,2019-05-22,Up,0.4038783952077667,0.1558939220050197,0.4402276827872136,-0.0216147341707751,0.0010539323001710534,0.020426834628361,186,2019-05-09,,train_validation_same_ticker_earlier_only,reference_quantiles_plus_probability_weighted_class_medians,Historical research scenario; not investment advice or a forecast guarantee.
5,NVDA,2019-05-22,Down,0.600055503810284,0.089465819586095,0.3104786766036209,-0.0368712909991626,-0.008921142930387888,0.0559463986457531,91,2019-05-09,,train_validation_same_ticker_earlier_only,reference_quantiles_plus_probability_weighted_class_medians,Historical research scenario; not investment advice or a forecast guarantee.
6,GOOGL,2019-05-24,Up,0.1971781932053983,0.2076105121365094,0.5952112946580922,-0.023514638583672757,0.0033227797691317866,0.02148987650703747,107,2019-05-08,,train_validation_same_ticker_earlier_only,reference_quantiles_plus_probability_weighted_class_medians,Historical research scenario; not investment advice or a forecast guarantee.
7,AMZN,2019-05-28,Up,0.1643938457139627,0.1980676285730803,0.6375385257129569,-0.02205416518775645,0.009296993458267011,0.0622794417548899,156,2019-05-15,,train_validation_same_ticker_earlier_only,reference_quantiles_plus_probability_weighted_class_medians,Historical research scenario; not investment advice or a forecast guarantee.
8,GOOGL,2019-05-28,Flat,0.176841585875604,0.4230785480359932,0.4000798660884028,-0.023514638583672757,0.0011455659356867497,0.02148987650703747,107,2019-05-08,,train_validation_same_ticker_earlier_only,reference_quantiles_plus_probability_weighted_class_medians,Historical research scenario; not investment advice or a forecast guarantee.
9,META,2019-05-28,Up,0.139335059948522,0.1699178111445768,0.6907471289069012,-0.01580573193015213,0.017378612689595244,0.0405913519060487,102,2019-05-08,,train_validation_same_ticker_earlier_only,reference_quantiles_plus_probability_weighted_class_medians,Historical research scenario; not investment advice or a forecast guarantee.
10,GOOGL,2019-05-29,Up,0.1753966538212221,0.2547186558711954,0.5698846903075824,-0.023514638583672757,0.0034400697473732185,0.02148987650703747,107,2019-05-08,,train_validation_same_ticker_earlier_only,reference_quantiles_plus_probability_weighted_class_medians,Historical research scenario; not investment advice or a forecast guarantee.
11,AMD,2019-05-30,Up,0.2266416927432282,0.0813889005199122,0.6919694067368596,-0.06296700570578022,0.013450307098421623,0.061837596263571576,105,2019-05-02,,train_validation_same_ticker_earlier_only,reference_quantiles_plus_probability_weighted_class_medians,Historical research scenario; not investment advice or a forecast guarantee.
12,GOOGL,2019-05-30,Up,0.2304104996114113,0.1678274565087582,0.6017620438798305,-0.023514638583672757,0.0027159105109298047,0.02148987650703747,107,2019-05-08,,train_validation_same_ticker_earlier_only,reference_quantiles_plus_probability_weighted_class_medians,Historical research scenario; not investment advice or a forecast guarantee.
13,NVDA,2019-05-30,Up,0.2233495780961383,0.1116735278403058,0.664976894063556,-0.0368712909991626,0.00798095966689628,0.0559463986457531,91,2019-05-09,,train_validation_same_ticker_earlier_only,reference_quantiles_plus_probability_weighted_class_medians,Historical research scenario; not investment advice or a forecast guarantee.
14,TSLA,2019-05-30,Up,0.1752508934354864,0.078980779411254,0.7457683271532597,-0.04779379253499375,0.01354414583780972,0.0360394537232713,257,2019-05-14,,train_validation_same_ticker_earlier_only,reference_quantiles_plus_probability_weighted_class_medians,Historical research scenario; not investment advice or a forecast guarantee.
15,GOOGL,2019-05-31,Up,0.1649385101482433,0.3078233484957703,0.5272381413559863,-0.023514638583672757,0.003089855556246637,0.02148987650703747,107,2019-05-08,,train_validation_same_ticker_earlier_only,reference_quantiles_plus_probability_weighted_class_medians,Historical research scenario; not investment advice or a forecast guarantee.
16,AMZN,2019-06-03,Up,0.1778646980343204,0.1496271232439568,0.6725081787217227,-0.02205416518775645,0.009798082411553936,0.0622794417548899,156,2019-05-15,,train_validation_same_ticker_earlier_only,reference_quantiles_plus_probability_weighted_class_medians,Historical research scenario; not investment advice or a forecast guarantee.
17,MSFT,2019-06-03,Flat,0.1271153394303341,0.4657956460258187,0.407089014543847,-0.0127193847359085,0.005776061009216956,0.044300325474156674,119,2019-04-25,,train_validation_same_ticker_earlier_only,reference_quantiles_plus_probability_weighted_class_medians,Historical research scenario; not investment advice or a forecast guarantee.
18,NVDA,2019-06-03,Flat,0.180086572686102,0.5658133984834334,0.2541000288304645,-0.0368712909991626,0.0006685334547946722,0.0559463986457531,91,2019-05-09,,train_validation_same_ticker_earlier_only,reference_quantiles_plus_probability_weighted_class_medians,Historical research scenario; not investment advice or a forecast guarantee.
19,GOOGL,2019-06-04,Down,0.415111441539825,0.2775319510113758,0.3073566074487992,-0.023514638583672757,-0.0050683372948773465,0.02148987650703747,107,2019-05-08,,train_validation_same_ticker_earlier_only,reference_quantiles_plus_probability_weighted_class_medians,Historical research scenario; not investment advice or a forecast guarantee.
20,META,2019-06-04,Up,0.3733699848003168,0.2524610313095321,0.3741689838901511,-0.01580573193015213,0.005900475913596546,0.0405913519060487,102,2019-05-08,,train_validation_same_ticker_earlier_only,reference_quantiles_plus_probability_weighted_class_medians,Historical research scenario; not investment advice or a forecast guarantee.
21,NVDA,2019-06-07,Down,0.6788441251049221,0.1101044925996071,0.2110513822954708,-0.0368712909991626,-0.012974328920158755,0.0559463986457531,91,2019-05-09,,train_validation_same_ticker_earlier_only,reference_quantiles_plus_probability_weighted_class_medians,Historical research scenario; not investment advice or a forecast guarantee.
22,GOOGL,2019-06-10,Down,0.488486337399706,0.2979988807904654,0.2135147818098285,-0.023514638583672757,-0.007852503037640145,0.02148987650703747,107,2019-05-08,,train_validation_same_ticker_earlier_only,reference_quantiles_plus_probability_weighted_class_medians,Historical research scenario; not investment advice or a forecast guarantee.
23,AMD,2019-06-11,Down,0.7084105063029196,0.0925754029503615,0.1990140907467189,-0.06296700570578022,-0.015374023834121068,0.061837596263571576,105,2019-05-02,,train_validation_same_ticker_earlier_only,reference_quantiles_plus_probability_weighted_class_medians,Historical research scenario; not investment advice or a forecast guarantee.
24,NFLX,2019-06-13,Up,0.2241961017914843,0.3665498490995074,0.4092540491090083,-0.03148400270282696,0.010013752900952211,0.04454115305148498,100,2019-04-30,,train_validation_same_ticker_earlier_only,reference_quantiles_plus_probability_weighted_class_medians,Historical research scenario; not investment advice or a forecast guarantee.
25,TSLA,2019-06-13,Up,0.1857064274772668,0.0881958640158167,0.7260977085069165,-0.04779379253499375,0.012850534456492448,0.0360394537232713,257,2019-05-14,,train_validation_same_ticker_earlier_only,reference_quantiles_plus_probability_weighted_class_medians,Historical research scenario; not investment advice or a forecast guarantee.
26,INTC,2019-06-14,Flat,0.1445059958173807,0.6526503142073045,0.2028436899753146,-0.0216147341707751,0.0009439581722735229,0.020426834628361,186,2019-05-09,,train_validation_same_ticker_earlier_only,reference_quantiles_plus_probability_weighted_class_medians,Historical research scenario; not investment advice or a forecast guarantee.
27,MSFT,2019-06-14,Down,0.5544547517149327,0.2130832071278723,0.2324620411571949,-0.0127193847359085,-0.002223897666785859,0.044300325474156674,119,2019-04-25,,train_validation_same_ticker_earlier_only,reference_quantiles_plus_probability_weighted_class_medians,Historical research scenario; not investment advice or a forecast guarantee.
28,GOOGL,2019-06-17,Flat,0.1609748229618313,0.5705969120627193,0.2684282649754493,-0.023514638583672757,-0.00027852990163401486,0.02148987650703747,107,2019-05-08,,train_validation_same_ticker_earlier_only,reference_quantiles_plus_probability_weighted_class_medians,Historical research scenario; not investment advice or a forecast guarantee.
29,NVDA,2019-06-18,Up,0.1721074254684063,0.2549954007382418,0.5728971737933519,-0.0368712909991626,0.007405180411780197,0.0559463986457531,91,2019-05-09,,train_validation_same_ticker_earlier_only,reference_quantiles_plus_probability_weighted_class_medians,Historical research scenario; not investment advice or a forecast guarantee.
30,GOOGL,2019-06-19,Up,0.1448740102842144,0.3620054936733624,0.4931204960424232,-0.023514638583672757,0.003054049528104834,0.02148987650703747,107,2019-05-08,,train_validation_same_ticker_earlier_only,reference_quantiles_plus_probability_weighted_class_medians,Historical research scenario; not investment advice or a forecast guarantee.
31,GOOGL,2019-06-20,Down,0.3979679204374023,0.3945916744365106,0.207440405126087,-0.023514638583672757,-0.006042575385942966,0.02148987650703747,107,2019-05-08,,train_validation_same_ticker_earlier_only,reference_quantiles_plus_probability_weighted_class_medians,Historical research scenario; not investment advice or a forecast guarantee.
32,GOOGL,2019-06-24,Flat,0.1873968030753373,0.4428248038272495,0.369778393097413,-0.023514638583672757,0.0005210024740492951,0.02148987650703747,107,2019-05-08,,train_validation_same_ticker_earlier_only,reference_quantiles_plus_probability_weighted_class_medians,Historical research scenario; not investment advice or a forecast guarantee.
33,AMD,2019-06-28,Up,0.2331973436860689,0.0933532376924736,0.6734494186214575,-0.06296700570578022,0.012684501303064432,0.061837596263571576,105,2019-05-02,,train_validation_same_ticker_earlier_only,reference_quantiles_plus_probability_weighted_class_medians,Historical research scenario; not investment advice or a forecast guarantee.
34,TSLA,2019-07-03,Down,0.4169009261716352,0.2595921844922562,0.3235068893361085,-0.04779379253499375,-0.001704848157287461,0.0360394537232713,257,2019-05-14,,train_validation_same_ticker_earlier_only,reference_quantiles_plus_probability_weighted_class_medians,Historical research scenario; not investment advice or a forecast guarantee.
35,NFLX,2019-07-18,Down,0.4392153372700006,0.1238651672996031,0.4369194954303962,-0.03148400270282696,0.008247388357710887,0.04454115305148498,100,2019-04-30,,train_validation_same_ticker_earlier_only,reference_quantiles_plus_probability_weighted_class_medians,Historical research scenario; not investment advice or a forecast guarantee.
36,MSFT,2019-07-19,Up,0.2294226721426973,0.163199695934824,0.6073776319224787,-0.0127193847359085,0.008285510323996173,0.044300325474156674,119,2019-04-25,,train_validation_same_ticker_earlier_only,reference_quantiles_plus_probability_weighted_class_medians,Historical research scenario; not investment advice or a forecast guarantee.
37,NFLX,2019-07-22,Down,0.6050295710755682,0.0904862779157356,0.304484151008696,-0.03148400270282696,0.0018493238039199202,0.04454115305148498,100,2019-04-30,,train_validation_same_ticker_earlier_only,reference_quantiles_plus_probability_weighted_class_medians,Historical research scenario; not investment advice or a forecast guarantee.
38,META,2019-07-25,Down,0.4800325764903605,0.1311211295561412,0.3888462939534983,-0.01580573193015213,0.004847467046460493,0.0405913519060487,102,2019-05-08,,train_validation_same_ticker_earlier_only,reference_quantiles_plus_probability_weighted_class_medians,Historical research scenario; not investment advice or a forecast guarantee.
39,TSLA,2019-07-25,Up,0.2801530934776662,0.1043607696607275,0.6154861368616062,-0.04779379253499375,0.008205235479142042,0.0360394537232713,257,2019-05-14,,train_validation_same_ticker_earlier_only,reference_quantiles_plus_probability_weighted_class_medians,Historical research scenario; not investment advice or a forecast guarantee.
40,AMZN,2019-07-26,Up,0.1604665650905674,0.1293191641303886,0.710214270779044,-0.02205416518775645,0.010814685026622289,0.0622794417548899,156,2019-05-15,,train_validation_same_ticker_earlier_only,reference_quantiles_plus_probability_weighted_class_medians,Historical research scenario; not investment advice or a forecast guarantee.
41,GOOGL,2019-07-26,Up,0.2499070089512661,0.1123444171170864,0.6377485739316473,-0.023514638583672757,0.002788503121529209,0.02148987650703747,107,2019-05-08,,train_validation_same_ticker_earlier_only,reference_quantiles_plus_probability_weighted_class_medians,Historical research scenario; not investment advice or a forecast guarantee.
42,INTC,2019-07-26,Up,0.2040664056638836,0.1578591922575457,0.6380744020785706,-0.0216147341707751,0.005730009690803836,0.020426834628361,186,2019-05-09,,train_validation_same_ticker_earlier_only,reference_quantiles_plus_probability_weighted_class_medians,Historical research scenario; not investment advice or a forecast guarantee.
43,AMD,2019-07-29,Up,0.1779719325862766,0.1817232064130863,0.640304861000637,-0.06296700570578022,0.013153232094760228,0.061837596263571576,105,2019-05-02,,train_validation_same_ticker_earlier_only,reference_quantiles_plus_probability_weighted_class_medians,Historical research scenario; not investment advice or a forecast guarantee.
44,TSLA,2019-07-29,Down,0.7239046733781878,0.0923139359582397,0.1837813906635724,-0.04779379253499375,-0.011494871766061674,0.0360394537232713,257,2019-05-14,,train_validation_same_ticker_earlier_only,reference_quantiles_plus_probability_weighted_class_medians,Historical research scenario; not investment advice or a forecast guarantee.
45,AAPL,2019-07-31,Up,0.1496932497543319,0.3840814111678692,0.4662253390777988,-0.024931447421586435,0.004175382957347663,0.022378473087039948,158,2019-05-02,,train_validation_same_ticker_earlier_only,reference_quantiles_plus_probability_weighted_class_medians,Historical research scenario; not investment advice or a forecast guarantee.
46,AMD,2019-07-31,Up,0.2326739766962917,0.0739946220800646,0.6933314012236436,-0.06296700570578022,0.01332768172523471,0.061837596263571576,105,2019-05-02,,train_validation_same_ticker_earlier_only,reference_quantiles_plus_probability_weighted_class_medians,Historical research scenario; not investment advice or a forecast guarantee.
47,AAPL,2019-08-01,Down,0.4714427373690626,0.2217392600519717,0.3068180025789656,-0.024931447421586435,-0.003874148649927297,0.022378473087039948,158,2019-05-02,,train_validation_same_ticker_earlier_only,reference_quantiles_plus_probability_weighted_class_medians,Historical research scenario; not investment advice or a forecast guarantee.
48,AMD,2019-08-01,Down,0.6317901993634838,0.1172484198382814,0.2509613807982348,-0.06296700570578022,-0.011626410959479094,0.061837596263571576,105,2019-05-02,,train_validation_same_ticker_earlier_only,reference_quantiles_plus_probability_weighted_class_medians,Historical research scenario; not investment advice or a forecast guarantee.
49,AMZN,2019-08-02,Up,0.1822410305066795,0.2033475533530256,0.6144114161402949,-0.02205416518775645,0.008566389953085295,0.0622794417548899,156,2019-05-15,,train_validation_same_ticker_earlier_only,reference_quantiles_plus_probability_weighted_class_medians,Historical research scenario; not investment advice or a forecast guarantee.
50,MSFT,2019-08-02,Up,0.4035987159366817,0.1184846739471231,0.4779166101161952,-0.0127193847359085,0.0039595942680621075,0.044300325474156674,119,2019-04-25,,train_validation_same_ticker_earlier_only,reference_quantiles_plus_probability_weighted_class_medians,Historical research scenario; not investment advice or a forecast guarantee.
51,AMD,2019-08-09,Down,0.4879321306078054,0.0722522396318806,0.4398156297603139,-0.06296700570578022,-0.0017019097158685308,0.061837596263571576,105,2019-05-02,,train_validation_same_ticker_earlier_only,reference_quantiles_plus_probability_weighted_class_medians,Historical research scenario; not investment advice or a forecast guarantee.
52,AMD,2019-08-16,Flat,0.254398363300118,0.561775873720177,0.183825762979705,-0.06296700570578022,-0.003383113079268054,0.061837596263571576,105,2019-05-02,,train_validation_same_ticker_earlier_only,reference_quantiles_plus_probability_weighted_class_medians,Historical research scenario; not investment advice or a forecast guarantee.
53,NVDA,2019-08-16,Down,0.6705687757988471,0.0532963276844906,0.2761348965166623,-0.0368712909991626,-0.011428971574503163,0.0559463986457531,91,2019-05-09,,train_validation_same_ticker_earlier_only,reference_quantiles_plus_probability_weighted_class_medians,Historical research scenario; not investment advice or a forecast guarantee.
54,TSLA,2019-08-19,Up,0.2202951071672249,0.080729972778068,0.6989749200547071,-0.04779379253499375,0.011472644035402137,0.0360394537232713,257,2019-05-14,,train_validation_same_ticker_earlier_only,reference_quantiles_plus_probability_weighted_class_medians,Historical research scenario; not investment advice or a forecast guarantee.
55,AMD,2019-08-22,Down,0.427692732349511,0.3817283375078073,0.1905789301426815,-0.06296700570578022,-0.007929758597951489,0.061837596263571576,105,2019-05-02,,train_validation_same_ticker_earlier_only,reference_quantiles_plus_probability_weighted_class_medians,Historical research scenario; not investment advice or a forecast guarantee.
56,AAPL,2019-09-04,Up,0.1579795537739265,0.2937046426354371,0.5483158035906364,-0.024931447421586435,0.005245097501444101,0.022378473087039948,158,2019-05-02,,train_validation_same_ticker_earlier_only,reference_quantiles_plus_probability_weighted_class_medians,Historical research scenario; not investment advice or a forecast guarantee.
57,AAPL,2019-09-05,Flat,0.1465652286560261,0.6788532804671686,0.1745814908768053,-0.024931447421586435,-9.012606906025214e-05,0.022378473087039948,158,2019-05-02,,train_validation_same_ticker_earlier_only,reference_quantiles_plus_probability_weighted_class_medians,Historical research scenario; not investment advice or a forecast guarantee.
58,AAPL,2019-09-06,Up,0.138712694189159,0.3283347883396683,0.5329525174711727,-0.024931447421586435,0.0053580826924765936,0.022378473087039948,158,2019-05-02,,train_validation_same_ticker_earlier_only,reference_quantiles_plus_probability_weighted_class_medians,Historical research scenario; not investment advice or a forecast guarantee.
59,AMD,2019-09-09,Up,0.2546227863202858,0.3719347095400717,0.3734425041396424,-0.06296700570578022,0.002607698288415875,0.061837596263571576,105,2019-05-02,,train_validation_same_ticker_earlier_only,reference_quantiles_plus_probability_weighted_class_medians,Historical research scenario; not investment advice or a forecast guarantee.
60,GOOGL,2019-09-09,Flat,0.1463730467151212,0.6309204193388424,0.2227065339460363,-0.023514638583672757,-0.000583190710093958,0.02148987650703747,107,2019-05-08,,train_validation_same_ticker_earlier_only,reference_quantiles_plus_probability_weighted_class_medians,Historical research scenario; not investment advice or a forecast guarantee.
61,AAPL,2019-09-12,Down,0.4086963674446281,0.2998528283094943,0.2914508042458776,-0.024931447421586435,-0.0029925948821584317,0.022378473087039948,158,2019-05-02,,train_validation_same_ticker_earlier_only,reference_quantiles_plus_probability_weighted_class_medians,Historical research scenario; not investment advice or a forecast guarantee.
62,AAPL,2019-09-16,Flat,0.2114333373758413,0.4980020970155196,0.2905645656086389,-0.024931447421586435,0.0004814717624115677,0.022378473087039948,158,2019-05-02,,train_validation_same_ticker_earlier_only,reference_quantiles_plus_probability_weighted_class_medians,Historical research scenario; not investment advice or a forecast guarantee.
63,INTC,2019-09-16,Flat,0.1429299544474124,0.6330807413060808,0.2239893042465067,-0.0216147341707751,0.0012257474965143397,0.020426834628361,186,2019-05-09,,train_validation_same_ticker_earlier_only,reference_quantiles_plus_probability_weighted_class_medians,Historical research scenario; not investment advice or a forecast guarantee.
64,TSLA,2019-09-18,Flat,0.3845190792454201,0.4403741026668328,0.175106818087747,-0.04779379253499375,-0.004612771467664171,0.0360394537232713,257,2019-05-14,,train_validation_same_ticker_earlier_only,reference_quantiles_plus_probability_weighted_class_medians,Historical research scenario; not investment advice or a forecast guarantee.
65,MSFT,2019-09-20,Up,0.2451056407831063,0.2034634382000306,0.5514309210168632,-0.0127193847359085,0.0070865309653532545,0.044300325474156674,119,2019-04-25,,train_validation_same_ticker_earlier_only,reference_quantiles_plus_probability_weighted_class_medians,Historical research scenario; not investment advice or a forecast guarantee.
66,INTC,2019-09-26,Up,0.1972605053860523,0.2359681691304261,0.5667713254835215,-0.0216147341707751,0.004913388882175596,0.020426834628361,186,2019-05-09,,train_validation_same_ticker_earlier_only,reference_quantiles_plus_probability_weighted_class_medians,Historical research scenario; not investment advice or a forecast guarantee.
67,TSLA,2019-09-26,Up,0.4432173215601532,0.1087028444422319,0.4480798339976148,-0.04779379253499375,0.0007542788636535069,0.0360394537232713,257,2019-05-14,,train_validation_same_ticker_earlier_only,reference_quantiles_plus_probability_weighted_class_medians,Historical research scenario; not investment advice or a forecast guarantee.
68,TSLA,2019-09-27,Down,0.6426326646112499,0.1353563562153866,0.2220109791733635,-0.04779379253499375,-0.008873228457175666,0.0360394537232713,257,2019-05-14,,train_validation_same_ticker_earlier_only,reference_quantiles_plus_probability_weighted_class_medians,Historical research scenario; not investment advice or a forecast guarantee.
69,TSLA,2019-10-01,Down,0.6863466636423504,0.1404340605623379,0.1732192757953115,-0.04779379253499375,-0.01096520299119618,0.0360394537232713,257,2019-05-14,,train_validation_same_ticker_earlier_only,reference_quantiles_plus_probability_weighted_class_medians,Historical research scenario; not investment advice or a forecast guarantee.
70,TSLA,2019-10-03,Down,0.5327443335699867,0.101489315034619,0.3657663513953943,-0.04779379253499375,-0.003104689816173758,0.0360394537232713,257,2019-05-14,,train_validation_same_ticker_earlier_only,reference_quantiles_plus_probability_weighted_class_medians,Historical research scenario; not investment advice or a forecast guarantee.
71,MSFT,2019-10-17,Flat,0.1155116746610102,0.7432688332235629,0.1412194921154268,-0.0127193847359085,0.0010474285518045107,0.044300325474156674,119,2019-04-25,,train_validation_same_ticker_earlier_only,reference_quantiles_plus_probability_weighted_class_medians,Historical research scenario; not investment advice or a forecast guarantee.
72,NFLX,2019-10-17,Down,0.4643219241371466,0.1459424112113203,0.3897356646515331,-0.03148400270282696,0.006390091287124259,0.04454115305148498,100,2019-04-30,,train_validation_same_ticker_earlier_only,reference_quantiles_plus_probability_weighted_class_medians,Historical research scenario; not investment advice or a forecast guarantee.
73,NFLX,2019-10-21,Down,0.3647510861313557,0.2844651804140685,0.3507837334545759,-0.03148400270282696,0.006351958845754285,0.04454115305148498,100,2019-04-30,,train_validation_same_ticker_earlier_only,reference_quantiles_plus_probability_weighted_class_medians,Historical research scenario; not investment advice or a forecast guarantee.
74,GOOGL,2019-10-22,Flat,0.1984318523962513,0.5132042701759678,0.2883638774277808,-0.023514638583672757,-0.0007951686306741264,0.02148987650703747,107,2019-05-08,,train_validation_same_ticker_earlier_only,reference_quantiles_plus_probability_weighted_class_medians,Historical research scenario; not investment advice or a forecast guarantee.
75,MSFT,2019-10-24,Up,0.19607310267499,0.1433863667776059,0.6605405305474041,-0.0127193847359085,0.009632393343820834,0.044300325474156674,119,2019-04-25,,train_validation_same_ticker_earlier_only,reference_quantiles_plus_probability_weighted_class_medians,Historical research scenario; not investment advice or a forecast guarantee.
76,TSLA,2019-10-24,Up,0.3738177631774981,0.0965814291732976,0.5296008076492043,-0.04779379253499375,0.00417353151028196,0.0360394537232713,257,2019-05-14,,train_validation_same_ticker_earlier_only,reference_quantiles_plus_probability_weighted_class_medians,Historical research scenario; not investment advice or a forecast guarantee.
77,AMZN,2019-10-25,Up,0.3014861228612783,0.1217038697650094,0.5768100073737121,-0.02205416518775645,0.0060323010563789504,0.0622794417548899,156,2019-05-15,,train_validation_same_ticker_earlier_only,reference_quantiles_plus_probability_weighted_class_medians,Historical research scenario; not investment advice or a forecast guarantee.
78,INTC,2019-10-25,Down,0.5001120150441948,0.1213306718785873,0.378557313077218,-0.0216147341707751,-0.0007777956399009685,0.020426834628361,186,2019-05-09,,train_validation_same_ticker_earlier_only,reference_quantiles_plus_probability_weighted_class_medians,Historical research scenario; not investment advice or a forecast guarantee.
79,NFLX,2019-10-28,Up,0.2296715389591399,0.2550841534073292,0.5152443076335309,-0.03148400270282696,0.013416849120623783,0.04454115305148498,100,2019-04-30,,train_validation_same_ticker_earlier_only,reference_quantiles_plus_probability_weighted_class_medians,Historical research scenario; not investment advice or a forecast guarantee.
80,GOOGL,2019-10-29,Down,0.4872685247602387,0.1894542418386752,0.323277233401086,-0.023514638583672757,-0.006363398839811923,0.02148987650703747,107,2019-05-08,,train_validation_same_ticker_earlier_only,reference_quantiles_plus_probability_weighted_class_medians,Historical research scenario; not investment advice or a forecast guarantee.
81,TSLA,2019-10-29,Down,0.5760607555277102,0.2478716347529438,0.1760676097193459,-0.04779379253499375,-0.008591923082151502,0.0360394537232713,257,2019-05-14,,train_validation_same_ticker_earlier_only,reference_quantiles_plus_probability_weighted_class_medians,Historical research scenario; not investment advice or a forecast guarantee.
82,AMD,2019-10-30,Up,0.4597601859653903,0.0734636024684903,0.4667762115661192,-0.06296700570578022,-7.537627654508397e-05,0.061837596263571576,105,2019-05-02,,train_validation_same_ticker_earlier_only,reference_quantiles_plus_probability_weighted_class_medians,Historical research scenario; not investment advice or a forecast guarantee.
83,AAPL,2019-10-31,Flat,0.1663572452534802,0.6236953172137383,0.2099474375327815,-0.024931447421586435,8.395149543482692e-05,0.022378473087039948,158,2019-05-02,,train_validation_same_ticker_earlier_only,reference_quantiles_plus_probability_weighted_class_medians,Historical research scenario; not investment advice or a forecast guarantee.
84,AMD,2019-10-31,Up,0.3628971919186213,0.1081812013623372,0.5289216067190413,-0.06296700570578022,0.004550817123857215,0.061837596263571576,105,2019-05-02,,train_validation_same_ticker_earlier_only,reference_quantiles_plus_probability_weighted_class_medians,Historical research scenario; not investment advice or a forecast guarantee.
85,META,2019-10-31,Up,0.1960530358660835,0.2659048797553382,0.5380420843785783,-0.01580573193015213,0.012599714044942981,0.0405913519060487,102,2019-05-08,,train_validation_same_ticker_earlier_only,reference_quantiles_plus_probability_weighted_class_medians,Historical research scenario; not investment advice or a forecast guarantee.
86,AAPL,2019-11-01,Down,0.4219971507729061,0.4040435172636522,0.1739593319634414,-0.024931447421586435,-0.004968402191883365,0.022378473087039948,158,2019-05-02,,train_validation_same_ticker_earlier_only,reference_quantiles_plus_probability_weighted_class_medians,Historical research scenario; not investment advice or a forecast guarantee.
87,AAPL,2019-11-07,Up,0.1160630531161895,0.2790164896871979,0.6049204571966125,-0.024931447421586435,0.0068247110984448155,0.022378473087039948,158,2019-05-02,,train_validation_same_ticker_earlier_only,reference_quantiles_plus_probability_weighted_class_medians,Historical research scenario; not investment advice or a forecast guarantee.
88,AAPL,2019-11-08,Flat,0.1119347922555747,0.7340466402129894,0.1540185675314357,-0.024931447421586435,0.00021742048371678046,0.022378473087039948,158,2019-05-02,,train_validation_same_ticker_earlier_only,reference_quantiles_plus_probability_weighted_class_medians,Historical research scenario; not investment advice or a forecast guarantee.
89,AAPL,2019-11-11,Up,0.1086476003391017,0.3775940409855116,0.5137583586753867,-0.024931447421586435,0.005605202292269709,0.022378473087039948,158,2019-05-02,,train_validation_same_ticker_earlier_only,reference_quantiles_plus_probability_weighted_class_medians,Historical research scenario; not investment advice or a forecast guarantee.
90,MSFT,2019-11-11,Flat,0.1057997591791671,0.5991326839660432,0.2950675568547894,-0.0127193847359085,0.003968527923041118,0.044300325474156674,119,2019-04-25,,train_validation_same_ticker_earlier_only,reference_quantiles_plus_probability_weighted_class_medians,Historical research scenario; not investment advice or a forecast guarantee.
91,AMD,2019-11-12,Up,0.2322514490522932,0.1611215892578792,0.6066269616898275,-0.06296700570578022,0.010597101754881263,0.061837596263571576,105,2019-05-02,,train_validation_same_ticker_earlier_only,reference_quantiles_plus_probability_weighted_class_medians,Historical research scenario; not investment advice or a forecast guarantee.
92,AAPL,2019-11-15,Flat,0.1223906606047204,0.6530128896231601,0.2245964497721194,-0.024931447421586435,0.0010782187381527916,0.022378473087039948,158,2019-05-02,,train_validation_same_ticker_earlier_only,reference_quantiles_plus_probability_weighted_class_medians,Historical research scenario; not investment advice or a forecast guarantee.
93,INTC,2019-11-15,Flat,0.170502216259474,0.5618453143348937,0.2676524694056322,-0.0216147341707751,0.0014678798696135277,0.020426834628361,186,2019-05-09,,train_validation_same_ticker_earlier_only,reference_quantiles_plus_probability_weighted_class_medians,Historical research scenario; not investment advice or a forecast guarantee.
94,NVDA,2019-11-15,Down,0.5574000209046013,0.1904012913839453,0.2521986877114532,-0.0368712909991626,-0.009024019544177139,0.0559463986457531,91,2019-05-09,,train_validation_same_ticker_earlier_only,reference_quantiles_plus_probability_weighted_class_medians,Historical research scenario; not investment advice or a forecast guarantee.
95,INTC,2019-11-18,Flat,0.2297785837052882,0.6219547414995179,0.1482666747951938,-0.0216147341707751,-0.0006782716357681326,0.020426834628361,186,2019-05-09,,train_validation_same_ticker_earlier_only,reference_quantiles_plus_probability_weighted_class_medians,Historical research scenario; not investment advice or a forecast guarantee.
96,INTC,2019-11-19,Flat,0.1936163829836668,0.6660905860880895,0.1402930309282438,-0.0216147341707751,-0.00037944930847251947,0.020426834628361,186,2019-05-09,,train_validation_same_ticker_earlier_only,reference_quantiles_plus_probability_weighted_class_medians,Historical research scenario; not investment advice or a forecast guarantee.
97,AMZN,2019-11-20,Flat,0.1330578637921496,0.5016099342662972,0.3653322019415533,-0.02205416518775645,0.004299508026217538,0.0622794417548899,156,2019-05-15,,train_validation_same_ticker_earlier_only,reference_quantiles_plus_probability_weighted_class_medians,Historical research scenario; not investment advice or a forecast guarantee.
98,INTC,2019-11-21,Flat,0.1759823197104877,0.415207143884945,0.4088105364045672,-0.0216147341707751,0.0031726300676251594,0.020426834628361,186,2019-05-09,,train_validation_same_ticker_earlier_only,reference_quantiles_plus_probability_weighted_class_medians,Historical research scenario; not investment advice or a forecast guarantee.
99,INTC,2019-11-22,Up,0.1812721603946488,0.3055248701366541,0.513202969468697,-0.0216147341707751,0.004419732513546516,0.020426834628361,186,2019-05-09,,train_validation_same_ticker_earlier_only,reference_quantiles_plus_probability_weighted_class_medians,Historical research scenario; not investment advice or a forecast guarantee.
100,GOOGL,2019-11-25,Flat,0.1264796593447674,0.4941178667503044,0.3794024739049282,-0.023514638583672757,0.0019218962739165541,0.02148987650703747,107,2019-05-08,,train_validation_same_ticker_earlier_only,reference_quantiles_plus_probability_weighted_class_medians,Historical research scenario; not investment advice or a forecast guarantee.
101,MSFT,2019-11-25,Flat,0.1354076112937012,0.5272497613097274,0.3373426273965711,-0.0127193847359085,0.00440802942884614,0.044300325474156674,119,2019-04-25,,train_validation_same_ticker_earlier_only,reference_quantiles_plus_probability_weighted_class_medians,Historical research scenario; not investment advice or a forecast guarantee.
102,INTC,2019-11-26,Up,0.140823719442768,0.4130104921902475,0.4461657883669844,-0.0216147341707751,0.004027217978861783,0.020426834628361,186,2019-05-09,,train_validation_same_ticker_earlier_only,reference_quantiles_plus_probability_weighted_class_medians,Historical research scenario; not investment advice or a forecast guarantee.
103,AMD,2019-12-03,Down,0.4288515085314639,0.2076572490675268,0.3634912424010091,-0.06296700570578022,-0.0024929210963135686,0.061837596263571576,105,2019-05-02,,train_validation_same_ticker_earlier_only,reference_quantiles_plus_probability_weighted_class_medians,Historical research scenario; not investment advice or a forecast guarantee.
104,MSFT,2019-12-03,Up,0.2238539644800041,0.3310016469237977,0.4451443885961982,-0.0127193847359085,0.005383093872248699,0.044300325474156674,119,2019-04-25,,train_validation_same_ticker_earlier_only,reference_quantiles_plus_probability_weighted_class_medians,Historical research scenario; not investment advice or a forecast guarantee.
105,GOOGL,2019-12-04,Flat,0.1632029751254977,0.5988724347325505,0.2379245901419517,-0.023514638583672757,-0.0007318374197417912,0.02148987650703747,107,2019-05-08,,train_validation_same_ticker_earlier_only,reference_quantiles_plus_probability_weighted_class_medians,Historical research scenario; not investment advice or a forecast guarantee.
106,MSFT,2019-12-06,Up,0.1341771029598858,0.3194760865352883,0.5463468105048258,-0.0127193847359085,0.00824176433766254,0.044300325474156674,119,2019-04-25,,train_validation_same_ticker_earlier_only,reference_quantiles_plus_probability_weighted_class_medians,Historical research scenario; not investment advice or a forecast guarantee.
107,GOOGL,2019-12-10,Flat,0.1393882028106988,0.6213846059289108,0.2392271912603903,-0.023514638583672757,-0.00021697719057011972,0.02148987650703747,107,2019-05-08,,train_validation_same_ticker_earlier_only,reference_quantiles_plus_probability_weighted_class_medians,Historical research scenario; not investment advice or a forecast guarantee.
108,AMD,2019-12-17,Down,0.7006816668906477,0.1229655482962905,0.1763527848130616,-0.06296700570578022,-0.015878425400814435,0.061837596263571576,105,2019-05-02,,train_validation_same_ticker_earlier_only,reference_quantiles_plus_probability_weighted_class_medians,Historical research scenario; not investment advice or a forecast guarantee.
109,NFLX,2019-12-17,Flat,0.3011259335081183,0.4905412536805608,0.208332812811321,-0.03148400270282696,0.0024775097299413696,0.04454115305148498,100,2019-04-30,,train_validation_same_ticker_earlier_only,reference_quantiles_plus_probability_weighted_class_medians,Historical research scenario; not investment advice or a forecast guarantee.
110,GOOGL,2019-12-23,Flat,0.144737693453294,0.5742894220728364,0.2809728844738695,-0.023514638583672757,0.00022794392854798675,0.02148987650703747,107,2019-05-08,,train_validation_same_ticker_earlier_only,reference_quantiles_plus_probability_weighted_class_medians,Historical research scenario; not investment advice or a forecast guarantee.
111,NFLX,2019-12-24,Flat,0.3590974921898664,0.4734769903991762,0.1674255174109574,-0.03148400270282696,0.00041729994500469027,0.04454115305148498,100,2019-04-30,,train_validation_same_ticker_earlier_only,reference_quantiles_plus_probability_weighted_class_medians,Historical research scenario; not investment advice or a forecast guarantee.
112,TSLA,2019-12-27,Down,0.5772076805133101,0.2505939820516458,0.1721983374350441,-0.04779379253499375,-0.008709349739654981,0.0360394537232713,257,2019-05-14,,train_validation_same_ticker_earlier_only,reference_quantiles_plus_probability_weighted_class_medians,Historical research scenario; not investment advice or a forecast guarantee.
113,TSLA,2020-01-02,Up,0.3125131259354882,0.1532773973567098,0.534209476707802,-0.04779379253499375,0.005565843592138291,0.0360394537232713,257,2019-05-14,,train_validation_same_ticker_earlier_only,reference_quantiles_plus_probability_weighted_class_medians,Historical research scenario; not investment advice or a forecast guarantee.
114,TSLA,2020-01-03,Down,0.5662367630044665,0.1109471197292597,0.3228161172662737,-0.04779379253499375,-0.0048419806364031,0.0360394537232713,257,2019-05-14,,train_validation_same_ticker_earlier_only,reference_quantiles_plus_probability_weighted_class_medians,Historical research scenario; not investment advice or a forecast guarantee.
115,AAPL,2020-01-06,Flat,0.1744114848112428,0.6029944517478505,0.2225940634409067,-0.024931447421586435,0.00012893363256397464,0.022378473087039948,158,2019-05-02,,train_validation_same_ticker_earlier_only,reference_quantiles_plus_probability_weighted_class_medians,Historical research scenario; not investment advice or a forecast guarantee.
116,GOOGL,2020-01-13,Flat,0.1314581185597473,0.4459095205710923,0.4226323608691604,-0.023514638583672757,0.002394359712141503,0.02148987650703747,107,2019-05-08,,train_validation_same_ticker_earlier_only,reference_quantiles_plus_probability_weighted_class_medians,Historical research scenario; not investment advice or a forecast guarantee.
117,AAPL,2020-01-22,Flat,0.409475495601637,0.4180018136013074,0.1725226907970554,-0.024931447421586435,-0.004768329937284547,0.022378473087039948,158,2019-05-02,,train_validation_same_ticker_earlier_only,reference_quantiles_plus_probability_weighted_class_medians,Historical research scenario; not investment advice or a forecast guarantee.
118,INTC,2020-01-22,Up,0.1577026032817849,0.2405051837921912,0.6017922129260239,-0.0216147341707751,0.005787269307517127,0.020426834628361,186,2019-05-09,,train_validation_same_ticker_earlier_only,reference_quantiles_plus_probability_weighted_class_medians,Historical research scenario; not investment advice or a forecast guarantee.
119,NFLX,2020-01-22,Up,0.4363544030047586,0.1243660499517073,0.439279547043534,-0.03148400270282696,0.008360236884664224,0.04454115305148498,100,2019-04-30,,train_validation_same_ticker_earlier_only,reference_quantiles_plus_probability_weighted_class_medians,Historical research scenario; not investment advice or a forecast guarantee.
120,INTC,2020-01-23,Up,0.1749205252935146,0.1973974959350964,0.6276819787713889,-0.0216147341707751,0.0059212614681457346,0.020426834628361,186,2019-05-09,,train_validation_same_ticker_earlier_only,reference_quantiles_plus_probability_weighted_class_medians,Historical research scenario; not investment advice or a forecast guarantee.
121,INTC,2020-01-24,Up,0.3666035654218173,0.1422342198375432,0.4911622147406396,-0.0216147341707751,0.0021016477379689983,0.020426834628361,186,2019-05-09,,train_validation_same_ticker_earlier_only,reference_quantiles_plus_probability_weighted_class_medians,Historical research scenario; not investment advice or a forecast guarantee.
122,AAPL,2020-01-28,Down,0.4493377413828289,0.1413309218578231,0.4093313367593479,-0.024931447421586435,-0.001964607696821946,0.022378473087039948,158,2019-05-02,,train_validation_same_ticker_earlier_only,reference_quantiles_plus_probability_weighted_class_medians,Historical research scenario; not investment advice or a forecast guarantee.
123,AAPL,2020-01-29,Down,0.6393819060823149,0.1542983615854333,0.2063197323322518,-0.024931447421586435,-0.008331877987487302,0.022378473087039948,158,2019-05-02,,train_validation_same_ticker_earlier_only,reference_quantiles_plus_probability_weighted_class_medians,Historical research scenario; not investment advice or a forecast guarantee.
124,AMD,2020-01-29,Up,0.381493013889107,0.0912486761644624,0.5272583099464305,-0.06296700570578022,0.003987403286762933,0.061837596263571576,105,2019-05-02,,train_validation_same_ticker_earlier_only,reference_quantiles_plus_probability_weighted_class_medians,Historical research scenario; not investment advice or a forecast guarantee.
125,META,2020-01-30,Up,0.2345204343283798,0.0990787347741292,0.6664008308974908,-0.01580573193015213,0.01545469666441939,0.0405913519060487,102,2019-05-08,,train_validation_same_ticker_earlier_only,reference_quantiles_plus_probability_weighted_class_medians,Historical research scenario; not investment advice or a forecast guarantee.
126,MSFT,2020-01-30,Up,0.1600934386301772,0.1587126474589342,0.6811939139108885,-0.0127193847359085,0.010414705895016358,0.044300325474156674,119,2019-04-25,,train_validation_same_ticker_earlier_only,reference_quantiles_plus_probability_weighted_class_medians,Historical research scenario; not investment advice or a forecast guarantee.
127,NFLX,2020-01-30,Up,0.2897283357747525,0.1285728752801905,0.581698788945057,-0.03148400270282696,0.014846787963261925,0.04454115305148498,100,2019-04-30,,train_validation_same_ticker_earlier_only,reference_quantiles_plus_probability_weighted_class_medians,Historical research scenario; not investment advice or a forecast guarantee.
128,TSLA,2020-01-30,Down,0.6285184213532087,0.1293389129673137,0.2421426656794775,-0.04779379253499375,-0.0080920295618843,0.0360394537232713,257,2019-05-14,,train_validation_same_ticker_earlier_only,reference_quantiles_plus_probability_weighted_class_medians,Historical research scenario; not investment advice or a forecast guarantee.
129,AMZN,2020-01-31,Up,0.1940424450989087,0.2309947114875235,0.5749628434135677,-0.02205416518775645,0.007598308688294624,0.0622794417548899,156,2019-05-15,,train_validation_same_ticker_earlier_only,reference_quantiles_plus_probability_weighted_class_medians,Historical research scenario; not investment advice or a forecast guarantee.
130,GOOGL,2020-02-04,Down,0.6442056892396338,0.1406297149201366,0.2151645958402295,-0.023514638583672757,-0.011083478112834444,0.02148987650703747,107,2019-05-08,,train_validation_same_ticker_earlier_only,reference_quantiles_plus_probability_weighted_class_medians,Historical research scenario; not investment advice or a forecast guarantee.
131,META,2020-02-04,Down,0.6589292886539143,0.1282278047681944,0.2128429065778914,-0.01580573193015213,-0.0021919226022402817,0.0405913519060487,102,2019-05-08,,train_validation_same_ticker_earlier_only,reference_quantiles_plus_probability_weighted_class_medians,Historical research scenario; not investment advice or a forecast guarantee.
132,AMD,2020-02-05,Down,0.5735781768918021,0.1304845766489545,0.2959372464592433,-0.06296700570578022,-0.008604939689099781,0.061837596263571576,105,2019-05-02,,train_validation_same_ticker_earlier_only,reference_quantiles_plus_probability_weighted_class_medians,Historical research scenario; not investment advice or a forecast guarantee.
133,GOOGL,2020-02-05,Down,0.4036452245582389,0.3072051276666792,0.2891496477750819,-0.023514638583672757,-0.005071594974353142,0.02148987650703747,107,2019-05-08,,train_validation_same_ticker_earlier_only,reference_quantiles_plus_probability_weighted_class_medians,Historical research scenario; not investment advice or a forecast guarantee.
134,AAPL,2020-02-07,Down,0.3906718814259095,0.3631761569343625,0.246151961639728,-0.024931447421586435,-0.0033450780161424767,0.022378473087039948,158,2019-05-02,,train_validation_same_ticker_earlier_only,reference_quantiles_plus_probability_weighted_class_medians,Historical research scenario; not investment advice or a forecast guarantee.
135,INTC,2020-02-10,Flat,0.4040485092395884,0.4297723733508604,0.166179117409551,-0.0216147341707751,-0.002374847602513381,0.020426834628361,186,2019-05-09,,train_validation_same_ticker_earlier_only,reference_quantiles_plus_probability_weighted_class_medians,Historical research scenario; not investment advice or a forecast guarantee.
136,INTC,2020-02-11,Flat,0.3337158748925817,0.4732316545467475,0.1930524705606707,-0.0216147341707751,-0.0012636926616305202,0.020426834628361,186,2019-05-09,,train_validation_same_ticker_earlier_only,reference_quantiles_plus_probability_weighted_class_medians,Historical research scenario; not investment advice or a forecast guarantee.
137,INTC,2020-02-12,Down,0.4291859433518092,0.3843680987926186,0.1864459578555721,-0.0216147341707751,-0.0023984467455394746,0.020426834628361,186,2019-05-09,,train_validation_same_ticker_earlier_only,reference_quantiles_plus_probability_weighted_class_medians,Historical research scenario; not investment advice or a forecast guarantee.
138,TSLA,2020-02-13,Down,0.696501202860397,0.1152164727939639,0.1882823243456392,-0.04779379253499375,-0.010813543854137887,0.0360394537232713,257,2019-05-14,,train_validation_same_ticker_earlier_only,reference_quantiles_plus_probability_weighted_class_medians,Historical research scenario; not investment advice or a forecast guarantee.
139,INTC,2020-02-14,Up,0.1885292760080846,0.2711529189927524,0.540317804999163,-0.0216147341707751,0.004678818322645897,0.020426834628361,186,2019-05-09,,train_validation_same_ticker_earlier_only,reference_quantiles_plus_probability_weighted_class_medians,Historical research scenario; not investment advice or a forecast guarantee.
140,NVDA,2020-02-14,Up,0.3741527430396311,0.232007495768495,0.3938397611918738,-0.0368712909991626,-0.0014332449051150473,0.0559463986457531,91,2019-05-09,,train_validation_same_ticker_earlier_only,reference_quantiles_plus_probability_weighted_class_medians,Historical research scenario; not investment advice or a forecast guarantee.
141,TSLA,2020-02-14,Down,0.7209178564744256,0.1096330692888237,0.1694490742367505,-0.04779379253499375,-0.011778653439783559,0.0360394537232713,257,2019-05-14,,train_validation_same_ticker_earlier_only,reference_quantiles_plus_probability_weighted_class_medians,Historical research scenario; not investment advice or a forecast guarantee.
142,AAPL,2020-02-18,Flat,0.2837423194375292,0.4651974555245977,0.2510602250378732,-0.024931447421586435,-0.0013820700187506434,0.022378473087039948,158,2019-05-02,,train_validation_same_ticker_earlier_only,reference_quantiles_plus_probability_weighted_class_medians,Historical research scenario; not investment advice or a forecast guarantee.
143,GOOGL,2020-02-18,Flat,0.1641352302760554,0.5483510417278755,0.287513727996069,-0.023514638583672757,-9.004927830920861e-05,0.02148987650703747,107,2019-05-08,,train_validation_same_ticker_earlier_only,reference_quantiles_plus_probability_weighted_class_medians,Historical research scenario; not investment advice or a forecast guarantee.
144,AMD,2020-02-19,Up,0.2964237857659295,0.1270443023424765,0.576531911891594,-0.06296700570578022,0.007882539486568271,0.061837596263571576,105,2019-05-02,,train_validation_same_ticker_earlier_only,reference_quantiles_plus_probability_weighted_class_medians,Historical research scenario; not investment advice or a forecast guarantee.
145,TSLA,2020-02-20,Down,0.730844659219802,0.111348766933618,0.1578065738465799,-0.04779379253499375,-0.012267299981067433,0.0360394537232713,257,2019-05-14,,train_validation_same_ticker_earlier_only,reference_quantiles_plus_probability_weighted_class_medians,Historical research scenario; not investment advice or a forecast guarantee.
146,NVDA,2020-02-21,Down,0.4535964791273028,0.1243832026611366,0.4220203182115605,-0.0368712909991626,-0.0028883685306614337,0.0559463986457531,91,2019-05-09,,train_validation_same_ticker_earlier_only,reference_quantiles_plus_probability_weighted_class_medians,Historical research scenario; not investment advice or a forecast guarantee.
147,AAPL,2020-02-27,Up,0.3779490788778141,0.08399921734451,0.5380517037776759,-0.024931447421586435,0.0012044314810936898,0.022378473087039948,158,2019-05-02,,train_validation_same_ticker_earlier_only,reference_quantiles_plus_probability_weighted_class_medians,Historical research scenario; not investment advice or a forecast guarantee.
148,MSFT,2020-02-27,Up,0.3643379945983222,0.0996489650927967,0.536013040308881,-0.0127193847359085,0.00546315707876547,0.044300325474156674,119,2019-04-25,,train_validation_same_ticker_earlier_only,reference_quantiles_plus_probability_weighted_class_medians,Historical research scenario; not investment advice or a forecast guarantee.
149,META,2020-03-10,Up,0.1459772418533226,0.0892236472687088,0.7647991108779685,-0.01580573193015213,0.019235453298410237,0.0405913519060487,102,2019-05-08,,train_validation_same_ticker_earlier_only,reference_quantiles_plus_probability_weighted_class_medians,Historical research scenario; not investment advice or a forecast guarantee.
150,NVDA,2020-03-11,Down,0.6395581789498038,0.0901708527117748,0.2702709683384212,-0.0368712909991626,-0.01075572142240742,0.0559463986457531,91,2019-05-09,,train_validation_same_ticker_earlier_only,reference_quantiles_plus_probability_weighted_class_medians,Historical research scenario; not investment advice or a forecast guarantee.
151,AMD,2020-03-13,Up,0.2026778403645176,0.0699961298397266,0.7273260297957557,-0.06296700570578022,0.015226788512407769,0.061837596263571576,105,2019-05-02,,train_validation_same_ticker_earlier_only,reference_quantiles_plus_probability_weighted_class_medians,Historical research scenario; not investment advice or a forecast guarantee.
152,INTC,2020-03-16,Down,0.497957053591925,0.0833256512053648,0.4187172952027101,-0.0216147341707751,-0.00025185658265584453,0.020426834628361,186,2019-05-09,,train_validation_same_ticker_earlier_only,reference_quantiles_plus_probability_weighted_class_medians,Historical research scenario; not investment advice or a forecast guarantee.
153,META,2020-03-16,Up,0.4452021480215498,0.082796245849396,0.472001606129054,-0.01580573193015213,0.007503020962053328,0.0405913519060487,102,2019-05-08,,train_validation_same_ticker_earlier_only,reference_quantiles_plus_probability_weighted_class_medians,Historical research scenario; not investment advice or a forecast guarantee.
154,MSFT,2020-03-16,Up,0.4395444806789076,0.0920863449339276,0.4683691743871648,-0.0127193847359085,0.0033806422977789583,0.044300325474156674,119,2019-04-25,,train_validation_same_ticker_earlier_only,reference_quantiles_plus_probability_weighted_class_medians,Historical research scenario; not investment advice or a forecast guarantee.
155,INTC,2020-03-20,Down,0.6507123527592311,0.1392065109948705,0.2100811362458984,-0.0216147341707751,-0.004544258167908155,0.020426834628361,186,2019-05-09,,train_validation_same_ticker_earlier_only,reference_quantiles_plus_probability_weighted_class_medians,Historical research scenario; not investment advice or a forecast guarantee.
156,TSLA,2020-03-20,Down,0.6842192595216088,0.0744931614179008,0.2412875790604904,-0.04779379253499375,-0.009276580823082272,0.0360394537232713,257,2019-05-14,,train_validation_same_ticker_earlier_only,reference_quantiles_plus_probability_weighted_class_medians,Historical research scenario; not investment advice or a forecast guarantee.
157,INTC,2020-03-23,Down,0.5205034477320731,0.1168789822259339,0.3626175700419928,-0.0216147341707751,-0.0012018445945806587,0.020426834628361,186,2019-05-09,,train_validation_same_ticker_earlier_only,reference_quantiles_plus_probability_weighted_class_medians,Historical research scenario; not investment advice or a forecast guarantee.
158,MSFT,2020-03-23,Up,0.2733225402818242,0.1068772708505,0.6198001888676757,-0.0127193847359085,0.008018596939693683,0.044300325474156674,119,2019-04-25,,train_validation_same_ticker_earlier_only,reference_quantiles_plus_probability_weighted_class_medians,Historical research scenario; not investment advice or a forecast guarantee.
159,INTC,2020-03-24,Down,0.6456323218150618,0.1161675195038632,0.238200158681075,-0.0216147341707751,-0.004136651998757163,0.020426834628361,186,2019-05-09,,train_validation_same_ticker_earlier_only,reference_quantiles_plus_probability_weighted_class_medians,Historical research scenario; not investment advice or a forecast guarantee.
160,INTC,2020-03-26,Down,0.5039681848090884,0.2698732611653235,0.2261585540255881,-0.0216147341707751,-0.002725999450185224,0.020426834628361,186,2019-05-09,,train_validation_same_ticker_earlier_only,reference_quantiles_plus_probability_weighted_class_medians,Historical research scenario; not investment advice or a forecast guarantee.
161,NVDA,2020-03-26,Down,0.6484371493140956,0.1419494084984992,0.2096134421874051,-0.0368712909991626,-0.012225829152874481,0.0559463986457531,91,2019-05-09,,train_validation_same_ticker_earlier_only,reference_quantiles_plus_probability_weighted_class_medians,Historical research scenario; not investment advice or a forecast guarantee.
162,AMD,2020-03-27,Down,0.6923566330830855,0.1280980937236716,0.1795452731932428,-0.06296700570578022,-0.015548776586224389,0.061837596263571576,105,2019-05-02,,train_validation_same_ticker_earlier_only,reference_quantiles_plus_probability_weighted_class_medians,Historical research scenario; not investment advice or a forecast guarantee.
163,AMZN,2020-03-27,Down,0.4112193067340401,0.269029565401317,0.3197511278646429,-0.02205416518775645,-0.0007658677673578369,0.0622794417548899,156,2019-05-15,,train_validation_same_ticker_earlier_only,reference_quantiles_plus_probability_weighted_class_medians,Historical research scenario; not investment advice or a forecast guarantee.
164,META,2020-03-27,Down,0.648564846496883,0.1309473786262631,0.2204877748768539,-0.01580573193015213,-0.0018511705037292806,0.0405913519060487,102,2019-05-08,,train_validation_same_ticker_earlier_only,reference_quantiles_plus_probability_weighted_class_medians,Historical research scenario; not investment advice or a forecast guarantee.
165,NVDA,2020-03-27,Down,0.6938702113729568,0.1113445787024705,0.1947852099245727,-0.0368712909991626,-0.013692083993361904,0.0559463986457531,91,2019-05-09,,train_validation_same_ticker_earlier_only,reference_quantiles_plus_probability_weighted_class_medians,Historical research scenario; not investment advice or a forecast guarantee.
166,NVDA,2020-03-30,Down,0.5845013049525623,0.204464991284332,0.2110337037631057,-0.0368712909991626,-0.010560923147605922,0.0559463986457531,91,2019-05-09,,train_validation_same_ticker_earlier_only,reference_quantiles_plus_probability_weighted_class_medians,Historical research scenario; not investment advice or a forecast guarantee.
167,INTC,2020-03-31,Down,0.6085837461900037,0.1288516756106868,0.2625645781993093,-0.0216147341707751,-0.0034236822854461454,0.020426834628361,186,2019-05-09,,train_validation_same_ticker_earlier_only,reference_quantiles_plus_probability_weighted_class_medians,Historical research scenario; not investment advice or a forecast guarantee.
168,MSFT,2020-03-31,Down,0.5279437514201072,0.1194600478717516,0.3525962007081411,-0.0127193847359085,0.00027004672749801964,0.044300325474156674,119,2019-04-25,,train_validation_same_ticker_earlier_only,reference_quantiles_plus_probability_weighted_class_medians,Historical research scenario; not investment advice or a forecast guarantee.
169,NVDA,2020-04-01,Up,0.393977599242046,0.092635697749449,0.5133867030085049,-0.0368712909991626,0.0005091814142601497,0.0559463986457531,91,2019-05-09,,train_validation_same_ticker_earlier_only,reference_quantiles_plus_probability_weighted_class_medians,Historical research scenario; not investment advice or a forecast guarantee.
